indonesia,andap,aso,asi
abu,aon_abu,awuabu,awuabu
abu_debu,ebuk_buk,awu_abu,awu_abu
adik laki,adi muani,ari,rai_ari
adik perempuan,adi luh,rai isteri,rai isteri
adil,adil_patut_darma,adil,adil
agar,apang_pang,mangda,mangda
air,yeh,toya,tirtabanyu_toya
air mata,yeh mata,toyan penyingakan,waspa
akan,lakar_bakal_jagi,pacang_jagi,jagi_pacang
akan_nanti_hendak,lakar_bakal_jagi,pacang_jaga_praya,jagi_pacang_praya
akar,akah,NULL,NULL
akhir,panyuud,panelas,pamuput_pingungkur_pinihungkur
akhir_penghabisan,panyuwud,pamuput,panelas
akhirnya,pameragatne,pamuputipun,pamuputipun
akibat_hasil,penadi_pekolih,penaden,penadosan
alamat,alamat_tongos_tonggos,ganahipun,linggih
alat_perkakas,pekakas,perabot_piranti,prabot_piranti
alis,alis,kening_tarja,tarja
alis,alis,NULL,mimba
amat_sangat,sangat_gati,benget_dahat,banget_rahat
ambar,nyem,nyeb_enyeb,NULL
ampun_pengampunan,pangampura,pangaksama,pangampura
anai anai,tetani,tetani,tetani
anak kedua,made_kadek_nengah,NULL,NULL
anak keempat,ketut,NULL,NULL
anak ketiga,nyoman_komang,NULL,NULL
anak laki laki,pianak muani,okalanang,NULL
anak laki laki_putra laki laki,cerik muani,anak alit lanang,putra lanang
anak muda_muda mudi,taruna taruni,anom_aloka,anom_aloka
andaikata,lamun_upama,upami,umpami
anggota,awak,raga,angga
anggur,anggur,NULL,NULL
angin,angin,bayu,bayu
angin sepoi sepoi,nyirsir,NULL,NULL
angsa,angsa,angsa,angsa
anjing,cicing,asu,asu
apa,apa,napi,punapi
apalagi,ababuin,napimalih,punapimalih
api,api,geni,geni
arloji_jam,jam,jam,jam
asah,sangih_ngipuh,tatah,tatah
asal,wit_kawit,pangawit,pancer
asam,masem,kecut,kecut
asap,andus,asep,asep
asing_aneh_ajaib,aeng_baneh_soleh,jawi,NULL
asli,mula_jatimula,nedan,asli_nedan
asrama_kos,asrama,asrama,pesraman
asyik_asik,itep_seleg,seleg,seleg
atap,raab_randah,NULL,NULL
atau,wiadin,wiadin/utawi,wiadin/utawi
aturan,ugeruger,pidabdab,pidabdab
awan,gulem_ambun,mega,mega
awasi_pelihara_mengawasi,piara,perdi,perdi
ayam,siyap_manuk,ayam,ayam
ayam jantan,siap muani_kurungan,ayam jago_manuk,ayam jago_manuk
ayam jantan,kurungan_siap muani,kurungan_manuk,ayam muani
babi,celeng,bawi,bawi
bagaimana,kenken,asapunapi,sapunapi
bagus,luwung_bagus_melah,becik,becik
bagus_baik_indah,luwung_bagus,becik,becik
bahagian,duman_bagian_pahan,duman,duman
bahaya,baya,baya,baya
bahwa,unduk,indik,parindik
baik,melah,becik,becik
baik_pantes,pantes,asin,NULL
baiklah,nah,inggih,inggih
bajak,tengala,waluku,waluku
baju_pakaian,bajukelambi,kuaca,kuaca
bakarmayat,aben_ngaben,lebu,melebu
bakat_pembawaan,aba_abaan,babaktan,babaktan
bakul_keranjang,keranjang,keranjang,keranjang
bangku,dingklik_dampar,dampar,dampar
bangsa,wangsa_soroh,sorot_wangsa,linggih_wangsa
bangun_bangkit,bangun,matangi,maungu
bantal,galeng,bantal,bantal
banyak,liu_liyu,akeh,katah_kabeh
bapak mertua,matua muani,aji saking lanang,aji saking lanang
bapak_ayah,bapa_nanang,bapa_ayah_rama,aji
barang,barang_berana,berana,berana
barang dagangan,barang barang dedagangan,barang barang dedagangan,barang barang dedagangan
barang siapa,nyen ja,sapa sira ja,sapa sira ugi
barang_benda,brana_reramon,barang,bebanderan
barat,kauh,kulon,kulon
baru,busan_mara,wawu,wawu
baru,mara,wawu,wawu
basah,beseg_belus,NULL,NULL
bata,bata_citakan,citakan,bata
batal,buung,wangde,urung
batu,batu_waktu,watu,silawatu
batuk,dekah_kokohan,watuk,watuk
bau,bonandih_pengit,ambu,ambu
bawa,aba_buwat,bakta,bakta
bawa,aba_abe,bakta,bakta
bawa,aba,bakta,bakta
bayar,bayar_mayah,taur_nahur,taur_tawur
bayi_anak kecil,rare_anak cenik,anak alit,jadma alit
bea,beya,pajeg,NULL
bebas,luput_bebas,luput,luput
beberapa,makudangkudang,pirangpirang,pirangpirang
begini,kene,sapuniki,sapuniki
begitu,keto,asapunika,sapunika_kenten
bekerja,magae,makarya,makariya
belajar,melajah,NULL,NULL
belalang,balang_walang,walang,walang
beli,beli_meli,tumbas,tumbastebas
belikan,beliang,tumbasang,tumbasang
belulang_balu_tulang,belulang,belulang,belulang
belum,tonden,durung,dereng
belum,tonden_konden,durung,dereng
benang,benang,benang,benang
benar,saja_beneh,beneh_yakti,wiakti
benci_marah dengan,gedeg_pedih_geting,bendu_dukabesus,duka
bendera,kober_bendera,kober,kober
bengkak,beseh,beseh,beseh
bengkok,bengkot,lengkong,bengkuh_bengkot
benih_bibit_biji,binih_bulih_bibitan,bibitan_wenih,wenihan
berani,wanen,juari_purun,wira
berani,bani_wanen,purun,wira
berapa,kuda,kuda,kuda
berapa banyak,kuda_kudang kuda,akuda,kudang kudang
berat,baat,abot_berat,abot
berat_sukar,baat,berat_abot,berat_abot_sarat
beratnya,baatne,beratipun,bobotipun
berawan,magulem,mamega,mega
berbahaya,baya,baya,baya
berbaring,medem_mesare_maebahan,masare_merem,sirep
berbicara_omong,ngomong,ngeraos,masuara
bercerai_terpisah,palas_belas,NULL,pasah
berdiamdiri_hening,siep_mendep,meneng,meneng
berdiri,majujuk,ngadeg,ngadeg
berenang,ngelangi,ngelangi,ngelangi
berguna,maguna,NULL,NULL
berhasil_bisa,nyidaang_sida,mresidaang,presida
berhenti,mereren_rerenang,mesanekan,merarian_rarianang
berisi,misi,medaging,magading
beritahukan,orahang_ngorahang,maturuning,nguningayang_uningang
berjalankaki_berjalan,majalan,mamargi,mamargi
berjangkit_menular_tular_jangkit,ngelalahin,ngibeh_ngelalah,ngibeh_ngelalah
berjanji,majanji,masengketa,masubaya
berkata_sebut,sambatang_ngomong,matur_nikaangmabaos,mapajar
berkelahi_bertarung,meiyegan_uyut,magerengan,magerengan
berkeliling,maileh,maideran,ileh_maideran
berlainlainan,endah_pelag,matiostiosan,masiossiosan
berludah_meludah,makecuh,widuh,widuh
berlumpur,buug_benyek,buug,buug
bermacam macam,endah pelag_soroh soroh,warna warni,NULL
bermain,mecanda_main,mecanda,mecanda
bermaksud,makeneh_kenehang,memanah_kayunin,mapekayun_manahang
bermaksud_berarti,makeneh_kenehang,mamanah_kayunin,mapikayun
bernapas,mangkihan,mangsegan,mangsengan
bernyala_menyala,ngendih,murub,murub_dumilah
berpakaian_berbusana,mabaju,makuaca,makuaca
berpenghasilan,mupah,mapikolih,mapikolih
bersama_sama,bareng_bareng_sibarengan,sareng_sareng_sesarengan,sareng
bersamadengan,ajak_teken,sarengring,ring
bersih,kedas_bresihinggas,suci_resik,resik
bersin,mebangkis,mabangkis,mebangkis
bertemu,tepuk_ketemu,panggih,pangguh
bertengkar,mibukan_mauyutan_uyutin,maiyegan,ricu
bertobat_tobat_menyesal,kapok,selsel_nyesel,nyesel
beruntung_bahagia_selamat,keagetan,sadia_sadiya,NULL
besar,gede,ageng,agung
besar,gede,ageng,agung
besok,buin mani_mani,benjang,benjang
biar,depang,banggayang,banggayang
biar_biarkan,depin,banggayang,banggayang
biasa,kelagu_katah,kesumbung,lumrah
biasa,kentah_biasa,kalagu,lumrah
biasanya,biasane,lumbrah,kadilumbrahipun
bibi paman,ua_maman,maman_paman,paman
bibir,bibih,cangkem_lambe,lambe
bicara_berbicara,ngomong_ngeraos,mabaos,ngandika
bijaksana_pandai,ririh_pradnyan,wicaksana,wikanwikan
biji_batu,batun,watun,watun
bilamana_kapan,yen,yaning,yening
bimbang,bimbang,bimbang,bimbang
bimbang_goyang,bimbang,sumbang,sumbang
binatang_hewan,buron,sato,sato
bingkai,sibeh,sibeh,sibeh
bingung,paling_bingung,lemengruwet,ruwet
bintang,bintang,wintang,wintang_lintang
biru,biru_blau,pelung,biru
bisa,upas,wisa,wisa
bisa_dapat_mampu,bisa_nyidayang_ampuh,mresidayang,NULL
bisu_tuna wicara,kolok,kolok,kolok
bisul,busulberung,busul,busul
bocor,tuduhan,tuduh,tuduh
bocor,beser_bocor,beser,beser
bodoh,belog_beler,tambet_beler,tambet
boleh,dadi,dados,kengin
boleh_diijinkan,dadi,dados,kengin
borongan,borongan,borongan,borongan
botol,pucung,botol,botol
buah,buah_buahan,woh_wohan,woh
buang_melempar,kutang_entungan_sabatang,mabuncalang,tinggalang
buangair_beol_berak,meju,makebotan,maporatan
bubur,bubuh,bubuh,bubuh
buka,ungkabang_ampakang,ampakang,mangabuka
bukan,tidong_dong,boya,boya
bukit,bukit_gunung,bukit_gunung,bukit_giri
buku,buku,kitab,cakepan
bulan,sasih,sasih,sasih
bulan,bulan,bulan,bulan
bulan purnama,purnama,purnama,purmacandra
bulanbaru,tilem,tilem,tilem
bulat_bundar,bunder_gilik,bunteran,bunter
bulu,bulu,bulu,bulu
bumi,gumi,bumi,marcapada_bumi
bunga_kembang,bunga_kembang,puspa_kusumasekar,sekar_puspa
bungkusan,kaputan,kaputan,kaputan
bunuh,matiang,sedayang,pademang
buruk,jaat_corah_jele,kaon,NULL
buruk_busuk,jelek,kaon,kaon
burung,kedis,paksi,paksi
buta,buta,buta,nentennyingakin
cabang,carang,carang,carang
cakap,duweg,ririh_wikan,pradnyan
campur_mencampur,aduk_ledok,aduk,aduk
cangkir,cangkir,cangkir,cangkir
cantik,jegeg_desak,becik,ayu
cantik,jegeg,ayu,ayu
capai_lelah,kenyel_oon_tuyuh,lesu_kaleson,lesu
cari,alih,rereh,ruruh
cat_cet,cet_pulas,pulas,pulas
catatan,catetan,painget,painget
celana panjang,jaler,celana jaler,jaler
cepat,becat_gangsar,gelis,gelis
cepat,enggal_gangsar_encol_becat,gelis,gelis
cerita,satua_satwa,tuturan_tutur_cerita,cerita
cermin,meka,cerma,cermin_mika
cincin,bungkung,bungkung,aliali
cium_kecup,diman,aras,aras
cium_membau,adek,ngambu,NULL
coba,tegarang_indayang,indayang,indayang
contoh,tulad_tempaconto_luire,tilad,tiru_imba_tatuladan
cuci_membersihkan,umbah_panting,umbah,umbah
cuci_mencuci,mabaseh,wisuh,macucian
cuci muka,masugi,raup,raup
cuci pakaian,panting_umbah,NULL,NULL
cuci tangan,mawajik,mawajik,mawajik
cucu,cucu_putu,putu,putu
cukup,cukup_nyandanggenep,jangkep,jangkep
cukur,cukur_gunting,cukur,cukur
dada,tangkah,dada,dada_wijang
dada,tangkah,dada,dada_wijang
daging,be,ulam,ulam
dagu,jagut,lalentek,lalentek
dahulu,ane malu laadne,dumun_riin_nguni,rihinin_dumunan_pecakne_nguni
dalam,dalem,jero,jero
damai,dame,dame_santi,dame_santi
dan,muah_teken_lan,miwah_ring_kalih,tur_rauhing
danau,danu,danu,ranu
dangkal,daken_dangsah,NULL,daken
danlagi,buina,maliha_samalih,napimalih
dapat,bisasanggup,sidaprasida,ubing
dapat_peroleh,bakat_maan,polih_molih,keniang_polih
dapur,paon,pawaregan,peratengan
darah,getih,rah,rah
dari,uli,saking,saking
dari mana,uli dija,saking dija,rauh ring dija
dari sana,uliditu,sakingirika,sakingdrika
daripada,padaang teken,bandingang ring,banding ring
datang,teka,rauh_dateng,rawuh
datuk_nenek perempuan,dadong,nini,nini_niyang
daun,daon,daun,daun
dekat,paek,nampek,nampak
dekat,paek,nampek,nampek
demam,panes_kebus,gerah,gerah
denda,danda,pidanda,pidanda
dengan,nganggon,ngangge,ngangge
denganseketika,prajani,pramangkin,pramangkin
dengansengaja,ngelapang,NULL,NULL
dengar,dingeh,piragi,pireng
dengarkan,dingehang_dingeh,pirengang_piragi_pireng,piragi_rungu
dermawan_berkasihan,bares,sueca_sweca,asunglugraha
destar,udeng,destar,destar
detik,kejep,jebos,abosbos
di,di,ring,ring
di dalam,di tengah,ring jero,ring jero_sajeroning
Di tengah,Di tengah_tengahan,madiya,Ring jero_ringmadiya
Di timur,bedangin,ringkangin,ringwetan
dia,ia,ipun_dane,ida_dayu
diapria,ia,ipun_dane,ida
diatas_atas,duur,ringduur,ringduwur
dibandingkan dengan,padaang teken,bandingang ring,sandingang ring
dibawah,dibaten_baten_beten,disor,ringsor
dibelakang,duri_diuri,ungkur_pungkur,ringungkur
diijinkan,dadi,dados_kalugra,kalugra
dilarang_takboleh,singdadi_singmaan,tandados,tankengin
diluar,diwangan_disisian_dijaba,dijabaan,ringjabayan
dimana,dija,ringdija,ringdija
dimuka_didepan,diaep_diarep,ringarep,ringajeng
dinamakan_disebut,pankus,mapesengan,kawastanin
dinding,dinding_bedeg,dinding,dinding
dingin,dingin,dingin,dingin
dirikan_jadikan_membangun,jujukang_ngewangun,ngadegang,ngawangun
disana_disitu_kesana,ditu_kema,iriki_marika,drika
disebabkan,ngranaang,ngawinang,ngawinang
disini,dini,iriki,deriki
Dua kali,pindo,pingkalih,pingkalih_pingro
duduk,negak,malinggih,malingga
dulang_baki,dulang,dulang,dulang
duluan_dini,pradang,prayapradang,pradang
dusta_bohong,bobab_bobog_nglompang,linyok_ngalinyok,linyok
ekor,ikut,ikuh,ikuh
enak,jaen,enak,becik
enak,jaen_jahen,enak,enakbecik
engkau_kamu_anda,cai_nyai,danejero,ratuiratu
entah,apa,napi,napi
eratkencang,tekek,tekek,tekek
es,es,es,es
famili_sanak saudara,nyama braya,semeton_pasemetonan,semeteon_kulawarga
gabung_sambung,sambung_nyambung_gabung_deketang,Sambung antun,Antun rapetang
gabus_sumbat,tekep,tekep,tekep
gadis_perawan,bajang_deha,truni_anom,anom
gadis_perawan,daha_bajang,anomjejaka,kaniak_anom_jejaka
gagal_kecewa,kado_kuciwa,nandangerang,nandangerang
gaji,upah_gajih,pikolih,pikolih
gambar,gambar_gegambaran,gambar,gambar_patra
ganti,sehin,gentos,gentos
gantung,gantung_ngantung,gantung,gantung
gantungkan,gantungan_ngantungin,engsutang,engsutang
garam,uyah,tasik,tasik
garis,garis,garis,garis
garpu,garpu,garpu,garpu
gatal,genit,gatel,gatel
gelang,gelang_gegelangan,pinggel,pinggel
gelap,peteng,peteng,gelap
gelas,lumur,lumur,lumur
gelisah,uyang,uyang,uyang
gelisah_gugup,uyang_inguh_rengas,resres_osah_sengap,osah
gemetar_goncang,ngejer_ngetor,kumeter,kumeter
gempabumi,linuh,linuh,lindu
gemuk,mokoh_muluk,ebuhweras,ebuh_wibuh
genap_lengkap_sempurna,genep_pepek_seregep,jangkep,jangkep
gendong,gandong_ngandong,pundut,pundut
genting,genteng,genteng,genteng
gereja,gereja,gereja,gereja
gigi,gigi,untu,danta
gigit,gugut_cegut,NULL,NULL
gila,buduh,edan,edan
gudang,kodang,kodang,kodang
gula,gula,gendis,gendis
guna,pikolih_guna,piguna_pikolih,pikinoh
gunting,gunting,NULL,NULL
guntur,kerug_grudug_ketug,kerebek,gereh_guruh
gunung,gunung,gunung,gunung
habiskan,nelahang,nelasang,nelasang
hadapi,marep,majeng,marep
hadir,ada_nekain_tekain_tebengin,wenten_tepekin,ngerauhin_rauhin
hadir,ada_bareng,sareng,wenten
hakim,kerta,kerta,kerta
halaman_pekarangan,tengatah,merajan_tengatah_natah,merajan_tengatah_natah
halangan,taweng,pialang,alang
halangi,likadang,ngentukin_ngerewedin,mialangin
halus_baik,alus,lues,lues
halus_licin,alus_belig,bantaralus,alus
hampir,das_makiken_makire,tambis,tambis
handuk,anduk,cerik_handuk,selendang
hanya,tuah,wantah,kewanten
harap_mengharap_semoga,acep_andelang_cagerang,andelang,andel
harga,aji,pengaji,pengarga
harga_biaya_ongkos,aji_ji,ajine,harga_rega
hari,dina_lemeng,rahina,rahina
hariini,dinajani,ringrahinane_mangkin,Ring rahinane mangkin
harimau,macan,sangmong,sangmong
harum,minyak_nyangluh,harum,wangi
harus_patut_wajib,patut_nyandang,beneh_bantes,patut
haus,bedak,kasatan,kasatan
helai,bidang_lempir_lembar,bidang,lempiran
heran,bengong,angob,angob
heran,ngon_bengong_gawok,angob_kasob,kagawok
hidung,cunguh,irung,ungasan
hidup,idup,urip,nyeneng
hidup_tinggal,idup_nongos_magumi,malinggih,magenah
hijau,gadang,gadang,wilis
hilang,ilang,ical,ical
hitam,selem,ireng,ireng
hufuf,santra,aksara,aksara
hujan,hujan,sabeh,sabeh
hutan,alas,alas,wana
ibu,meme_ibu,biyang,ibu_biyang
ijin,ijin,pamit,pamit_lugra
ijinkan_berikan_beri,baang,wehin,icen
ikan,bepasih,ulamsegara,ulam
ikat,tegul_nalenin,iket,iket
ikat,tegul_didednegul_nalinin,tegulbedbed,banda
ikut_mengikut,tutut_ngetuturi_milu,Mejalann getut_ngetutsaking ungkur,ngetutsakingungkur
ikut serta_mengambil alih,barengin_milu,sarengin,sarengin
indonesia,indonesia,indonesia,indonesia
ingat,ingetteken,elingring,elingring
ingatkan,wangsitang,elingang,elingang
ingin,edot_meledteken,dot,meledang
ini,ene,niki_puniki,puniki
iparlaki,ipahmuani,NULL,ipen
irihati_cemburu,irihati,irikayun,duleg
iris,iyis,iyis,iyis
irissepotong,iyis,iyis,iyis
isap_mengisap,sesep_isap,ngisep,ngisep
isi,isi,daging,pidaging
isi_mengisi,isinin_urugin,dagingin,dagingin
istana,puri,puri,puri
isteri,somah_kurenan,timpal_istri,rabi_istri
istimewa,minakadi_mikadi,utama,utama
itik,bebek,kambangan,NULL
itu,ento,punika,punika
jadi,tulus_payu,durus,NULL
jaga_mengamati,gebag_nyaga,kemit,kemit
jahat,jele,kaon_ala,kaon
jahat,jele,nista,nista
jahit,jait,jait,jait
jalan,jalan_rurung,marga_margi,margi
jalan,jalan_rurung,marga,margi
jam,jamdauh,jamdauh,jamdauh
jam_arloji,jam,jam,jam
janda,balu,rangda,landa
jangan,edada,sampunang,sampunangtandados
janggut,jenggot,janggut_rerawe,cerawis
janin,belingan,bobotan,manik
janji,janji_semaya,sengketa,subaya
jantung,papusuhan_ati,papusuhan,papusuhan
jarang,kapahkapah_langahlangah,arangarang,arangarang
jarijari,jeriji,jeriji,jeriji
jarum,jaum,jaum,jaum
jas_baju,bajujas,kuacajas,kuacajas
jatuh,labuh_ulung,runtuh,runtuh_tiba
jauh,joh,doh_adoh,doh_adoh
jawaban,pesaut,pesaur,pesaur_sahur
jawaban,pesaut,pesaur,NULL
jelek,jele_corah,corah,kaon_durgama
jembatan,kreteg_titi,kereteg_titi,kreteg_titi
jendela,jendela,gendela,gendela
jernih,ening,ening,suci_nirmala
jikalau_jika,yen_yan_yeninglamun,yening,yen_yan
jinak,boh,manuh_monoh,manuh
jiwa,jiwa_atma_jiwatma,NULL,atma
juga,masih_jua,teler,ugi
juga,masih,taler,ugi
jujur_adil,polos,polos_nekenghati,darma
jumlah,gebog_liune,akehidupan,katahipun
jumlah_banyak,liune_liu,kehipun,katahipun
junjung,suun_nyuun,suun,junjung
jurusan_arah,tuju_tetujon,pengapti,pengapti
kabarangin_gosip_kabarburung_isu,orta angin_keper_keperan,ortiangin,kepir_kepiran
kacamata,kacakacamata,kacamata,kacapangsian
kacang tanah,kacang cina,kacang goreng,kacangabutin
kadang kadang,dikenkene_kapah kapah,diasapunapine,NULL
kain_lap_pakaian,kamen_sebet,wastra,wastra
kaitan,sangket,sangket,sangket
kakaklaki,beli_bli,raka,raka
Kakak perempuan,mboknyama,rakaisteri,raka
kakatua_burungnuri,kakatua_kedisnuri_atat,kedisnuri,paksiatat_paksinuri
kakeybuyut,kumpi,kumpi,kumpi
kaki,batis_bais,buntut,cokor_pada
kaki,batis_bais,buntut,cokor
kalah,kaon_kalah,kaon,kaon
kali,jelinjing_tlabah,telabah,telabah
kalimat,lengkara,lengkara,lengkara
kamar_bilik,kamar,kamar,kamar
kamarmandi_pemandian,kayehan,pesiraman,beji
kambing,kambing,kambing,wedus
kampret_kelelawar,cempiit_lelawah,cempiyit_lelawah,cempiyit_lelawah
kanan,tengawan,tengen,tengen
kancing,kancing,pingel,pingel
kandang,badaglogor,kandang,kandang
kandang,bada,kandang,kandang
kantong_saku,kantong,kantong,kantong
kaoskaki,kaosbatis_kasut,kasut,kasut
kapak,kapak_belakas,kapak_belakas,kapak_belakas
kapallaut,kapal,kapal,kapal
kapan,buinpidan,malihpidan,malihpidan
kapan,pidan_kaliapa,makapidan,ringpidan
karcis,kercis,kercis,kercis
kasih_sayang_cinta,tresna_pitresna,asih_piwelasan,asih
kata,munyikruna,raos_pajar,suarakruna
katak_kodok,godogan,NULL,NULL
katanya,kone,kocap,kocap
kawan_kawan_sahabat_teman,timpal_kakasihan_patawangan,switra,switra
kawat,kawat,NULL,NULL
kawin,nganten_makurenan,marabian,merabian
kaya,sugih,sugih_kaya,kaya
kayu_pohon,punyan_pohon,wit,pohon
kayukayu,taru,taru,NULL
kebanyakan_terbanyak,liunan_palingliuna,akehan_pihihakeh,makehan_pinihakeh
kebetulan,ketuju_kebenengan,rinuju,rinuju
kebiasaan_adat,adat_turah_prah,tatacaraadat,adatkrama
kebun,abian_kebon,kebonan,pakebonan
kecelakaan,sengkala,sengkaon_sinangkaon,sinangkala
kecewa_putusasa,kuciwakado,kuciwa,kuciwa
kecil,cenik,alit,alit
kecil,cenik_cerik,alit,alit
kecuali,sajabaning,sajawining,NULL
kedip_kejap,kijap_nguyiwatin,NULL,NULL
kedua,Ane ping pindo,Sane kaping kalih,Sane kaping ro
keduanya_dua,makadadua,makakalih,sarengkalih
kehendak_pikiran_tujuan,kenehnget,manah_pikenyet,pikayun
kejar,uber_ulah_nguber,ulati,ulati
kelabu,kelau,abu_abu_kelau,abu_abu_kelau
kelakuan,solah_abet_bikas,bikas_laksana,laksana_tingkah
kelakuan_tabiat_kebiasaan_watak,abet_tingkahbikas,solah_ulah,polah_pari_solah
kelambu,klambu,langse,langse
kelapa_nyiur,nyuh,kelapa,kelapa
kelaparan,terak,Kirang ajengan,kirang pangan
keluar,pesu,medal,wetu
keluar,pesu,medal,medal
kemana,kijadije,lungakija,lungakija
kemari_kesini,mai,meriki,meriki
kemarin,dibi_ibi,dibi,dibi
kemarindulu_kemarinlusa,ipuan,kalihrahina,kalihrahina
kembali,melipetan,matulak,mantuk
kemeja,baju_kelambi,kuaca,kuaca
kemenakan,kaponakan_anakdimisan,kaponakan_pianakmisan,okasemeton_okaringsiki
kemenangan,kemenangan,kemolihan,kemolihan
kemudian,binpidan_durian,malihpidan,pungkur
kena,kena,keni,keni
kena,kena,keni,keni
kenalan,tetawangan,pepauningansuwitra,suwitra
kenaluka,matatu,NULL,NULL
kencang_lurus,kenceng_rurus,NULL,NULL
kencing,ngenceh,mabanyu,mawarih
kendi_bulebule,caratan_gebeh,caratan cecepangebeh,cecepangebeh
kepada_ke,ke_teken,ring,ring
kepala,tendas_sirahsirah_teras,duur_duhur_sirah,prabu
Kepala desa_kepaladusun_ketua,kelian,kelian,kelian
kepalabatu,bengkung,tebelkuping,punggung
kepercayaan,sadin,percaya,percaya
Kepunyaan siapa_milik siapa,Gelah nyen,Sira neruenang,Sira nrebenang
kera_monyet,bojog,were_ore,were_wenara
kerbau,kebo,kebo,kebo
kerbauputih,misa,misa_kebobule,misabule
kering,tuh,kering_letuh,letuh
keringat,peluh,peluh,keringet
kerja,gae_pagaenan_gegarapan,karya,kariya_pekaryan
kertas,deluang_kertas,kertas,kertas
kerusakan_rugi,kapocolan,rugi,rugi
kesempatan,sela_tempo,sela_senggang,senggang
kesukaan_kesenangan,kesukan,kasenengan,keledangan
ketam,anggapan,anggapan,anggapan
ketika,dugas,rikala,daweg
kewajiban_tugas,kepatutanayahan,kayogyan,kayogyan
khabar,orta_gatra,orti,gatri
kikir,demit_pripit,demit_pripit,kemit_pripit
kikir_pelit,kikir,tatah,tatah
kilat_petir,tatir_ilir,tatit,tatit
kipas,kepet,kepet,ilih
kira_kira,sawetara,sawetara,sawetara
kira_kira_kira_kira_kira,bantas,inganan,sawatara
kiri,kebot,kiwa_kedel,kiwa
korban,korban_caru,carubanten_piduka,carubanten_piduka
korekapi,colok_korek,korek,korek
kosong,matalang_puyungsuwung,matalang_puyung,tanmadagingsuniya
kotakecil,kuta,negari,negari
kotor,menyi_daki_leteh_reged,reged_dekil_letuh,reged
kotor,menyi_daki_dekil,reged,reged
kotor,sebel_kotor_leteh,weci_letuh,letuh
kuat,katos_katong,katong,katong
kuat,sitengkereng,kuat,NULL
kuburan,sema,setra,setra
kuburan,sema,setratunon,setratunon
kuburkan_mengubur,tanem_kutang,pendem,pendem
kucing,meong,meng,meng
kuda,jaran,kuda,kuda
kuil,sanggah,pamerajan,perhiangan
kuil,parhiangan_sanggahpura,pamrajanpura,kahyangan_pura
kuku,kuku,naka,naka
kulit,kulit,carma,NULL
Kulit pohon,babakan,kulittaru,kulittaru
kunci,sereg,kunci,kunci
kuning,kuning_gading,jenar,jenar
kuno,kuna,kuno,nguni
kurang,kuangan,kirang,kirang
kursi,kursi_tegakan,palinggihan,palinggihan
kurus_tipis,berag_tipis,keriskiris,NULL
laci,laci,laci,laci
lagi,buin_buwin_bin,malih,malih_wawanin
lagi_tambahan,buin,malih,malih
lagu_nyanyian,kidung_gending_lagu,kidung_gita,wirama
lahir,lekadpesu_ludag,mijilmetu,embas
lain,len_lian,tios,sios
lain_beda,len_beda,lian_tios,sios
lain_lagi,len,siyos,lian
lalat,buyung,buyung,buyung
lalu_selanjutnya,lantas_laut,raris,raris
lama,makelo,sue_suwe,sue_lami
lambat_kasep,kasep_kasepan,sepanan_duri2,kasep
lampu_cahayaterang,sembe_suluh,damar,sundih
langit_surga,langit,akasa_ambara,akasa_ambara
langkah_melangkah,metindakan,langkah,lakulangkah
lantai,bataranlante,pekebatlante,pakebatlante
lantas_lalu_sesudah_kemudian,disubane_sasubaneento_lantas,raris_sasampunepunika,wusanpunika
lapar,seduh_layah,seduk,seduk_lapa
lari,melaib_laib,mlayu,melayu
lari,melaib,mlayu,mlayu
laut,pasih,segara_tasik,segara
lawan,tungkalikan_lawan,tungkalikan,tungkalikan
layang_layang,lelayangan,lalayangan,lalayangan
lebar,lombeng_linggah,lumbang,jimbar_limbok
lebarnya,lombengne,lumbangne,lumbang
lebihbaik_lebihbagus,luwungan_melahan,becikan,becikan
lebihbanyak,liunan,akehan,katahan
leher,baong,kakolongan_baong,kanta_gulu
lekas_segera,enggal_incol,gelis,gelis
lelucon_lucu,banyol_banyolan,banyol,baud
lemah,lemet_kenyihgemba,gemba_lemah,lemet
lemak,muluk,muluk,muluk
lemari,lemari,lemari,lemari
lemas_lembek,halus_megelokan,magelokan,halusmagelokan
lengan,lengen,asta,tangan_asta
lentera_lampu,damar_suluh_pijet,sundih,sundih
lewat,ngaliwatin,langkungin,ngalintang
liangkubur,gagumuk,gagumuk,gagumuk
liar_ganas,rengas_galak,rengas,rengas
lidah,layah,ilat,lidah
lilin,lilin,lilin,lilin
lipat_dobel_ganda,nikelpindo,nikelpingkalih,nikelpingkalih
lonceng,klenenglonceng,genta_bajra,genta_bajra
longgar,galir,NULL,NULL
lubang,bambang_bolong_song,bangbang,bangbang
lucu,banyol_baud,banyol,baud_banyol
luka,tatu,kanin,kanin
lumbung,jinenggelebeg_klumpu_glebeg_glebek,lumbung,lumbung
lumpur,endut_luluh,endut,endut
lupa,engsap,engsap,lali
lusa,Biin puan,Malih kalih rahina,Malih kalih rahina
lutut,entud,jengku,jengku
mabuk,punyah,punyah,punyah
mahal,mael_mahal,larang,larang
mahal,mael_mahal_maal,mael,mael
makan,madaar_neda,ngajengang_nunas,ngrayunang
makanan,dadaranpangan,ajeng_ajengantatedan,rayunan_ajengan
maksud_arti,teges_arti,teges,piteges
maksud_ujud,keneh_tuju,manah_suksemanpikenoh,pakayunan
malam,peteng,wengi_latri,wengi
malam,peteng,wengi_latri,wengi_latri
malas,lengit,males_mayus,mayus
malu,koh_kabilbil,kimud,kimud
malu,kimud_lek,jengah,wirang
malu,jengah,edalem_jengah,erang_jengah
malu,kimud_elek,lek,edalem
mamah_mengunyah,pakpak,baksa,baksa
mandi,manjus_kayeh,mesiram,masucian
mandi,manjus_kayeh,masiram,masiram
manis,manis,legi,legi
manusia_orang,manusia_jeleme_jelme,jadma,jadma
marah,gedeg_pedih_brangti_besus,duka,bendu
marisini_kesini,maija_maemalu,mariki,mariki
masadepan,dimanipuane,benjangan_benjang_pungkur,benjang_pungkur
masak,tasak_wayak,tasak,tasak
masih,enu,kari,kantun
masih,enu,kari,kantun
Masing masing_setiap,Soang soang_sabilang,nyaluran_asingasing,NULL
masjid,mesjid,mesjid,mesjid
masuk,celep_macelep_susup,ranjing_manjing,seser_ranjing
masyur_terkenal,kasub,lumrah_kajanapuja,kasumbung
mata,mata,panyingakan,pangaksian_panyingakan_mimba
matahari,Matan aiai,surya,surya
Matahari terbenam,Matan aI eleb,Surya surup,Surya susup
Matahari terbit,matanaiendag,Surya mijil,Mijil surya
matang,lebeng,rateng,matengrateng
mati,mati_lacur,seda_newata_pejah_nyuarga_lampus,padem_mantuk
mati_meninggal_tewas_gugur,mati,Padem nyuarga,seda_mantuk_lepas
mau,nyak,kayun,ledang
mayat,bangke_watang,watangan,layon
meja,meja,meja,meja
melagak_berlagak_sombong,langah_sombong,gedekeneh,agengmanah
melalui,mentasdi_entasin,marginin,ngelintangin
melanggar,tungkas_lempas_piwal,lempasin,langkasin
melarang,singmaang_singkalugera,tanicena_tankewehin,nentenngicen_tankaturin
melihat,ningalin,cingakin,aksinin
meloncat,makecos_makecog,makecog,lumumpat
memakai,nganggon,nganggen,nganggen
memanggil_panggil,kaukin_jeritin,nikain,nikain
memanjat_mendaki,menek,munggah_menggah_unggah,munggah
memasak,ngelebengin_melebengan,ratengin,rateng
membaca,paca_waja,waca_bawos_memawos,wacen_ngewacen
membagi,edum_ngedum,ngepah,bagi
membajak,matekap_nengala,waluku,waluku
membakar,tunjel_puunbasmi,basmigeseng,basmigeseng
membandingkan,tanding_mandukang,tanding,tanding
memberi,bang_ngicen,wehin_ngaweh,icen_aweh
memberitahukan,ngorahang,nguningang,nguningayang
membuat_membikin,gaenang_ngaenang,karyanang,ngarianang
membungkus,kaputungkus,ungkus,ungkus
membunuh,matiang,pademang,sedaang
memegang,gisi_ngisi,gamel,gamel_dambel_agem
memeriksa_periksa,turiksa_awasin,turiksa,turiksa
memesan,mabesen_mesenang,NULL,NULL
memikir,kenehang,manahang,kayunang
memikirkan,kenehin_pinehin,manahin_ngenehang,kayunin
memilih,milihin_gelikin,nyelirngelikin,ngelikin
memotong,getep_tugel,NULL,NULL
mempercayai,nyadin,NULL,NULL
mempunyai_memiliki,ngelah,madue_maderbe,maderbe
memuatkan,muatang,nagingin_muatang,nagingin_muatang
memukul,jagus_nyagur,jagur,tanganin
memukul,nyagur_nglantig,ngemplangin,nyagur
memungut_menagih,duduk_nuduk_nukduk,keniang,keniang
menabung_menyimpan,nyelepang,nyelepang,NULL
menamakan,ngadanin,ngawastanin,marabin
menambah,imbuhin_nanggu,imbuh_wuwuh,wewehin
menandatangani,teken_neken,neken,teken
menang,menang,polih,polih
menangis,ngelingsigsig,nangis,nangis
menari,ngigel,masolah,masolah
menasehati,nuturin_mapitutur,mapungu,mapiteket
menawar_tawar_tukarmenukar,tawah_metawahan,NULL,NULL
mencapai,maan_bakatang_tugtug,keniang,mapikolih
mencari,alih_ngalih,rereh_ulati,ruruh_ulati
mencari,alih,rereh,ruruh
mencatat_catat,nulisang,nyuratang,nyuratang
mencuri,memaling,pandung,pandung
mendorong,sorong_sogok,sogok,sogok
menduduki,tongosin,linggihin,genahin
menelan,untal_uluh,gelekang,untal
menerima,terimatampi,terima,nunas_tampi
mengabulkan,isinin_ngisinin,dagingin_lingganin,linggihin
mengajar,ngajahin_ajahin,urukinngurukin,uruk_muruk
mengakhiri_,nyuudin,muputin,muputang
mengambil,jemak_juang_jemakin,ambil,ambil_ambilin
mengampuni_memaafkan,ngaksama,nyinampura,nyinampura
mengandung_hamil,beling,beling,mobot
mengangkat,tingtingang,tingting,ngangkat
mengantar,dandan_atehangiringan,tuntun,tuntun
mengantuk,kiyap,arip,arip
mengapa,nguda_kenapa_ngudiang,ngudiang,Punapi awinan
mengatur,dabdab,tata,tata
mengeluarkan,mesuang,ngamedalang,ngamijilang
mengeluh_keluh_merengek,ngarenggeng,ngarengkeng,ngarengkeng
mengembalikan,ngulihang,mudalang,ngantukang
mengenal,tawang,uning,keni
mengerjakan_membuat,gae_ngae,karya,makarya
mengerti,ngerti,ngresep,pawikan_uningring
mengerti,ngerti_resep_ngeresepang,midep,ngertos
menggali,ebet_tumbeg,tumbeg,tumbeg
menggambar_melukis,nggambar_nyangging,NULL,NULL
menggonggong_menyalak,ngongkong,ngongkong,ngongkong
menggosok,gebeg_ngusap,gebeg,gebeg
menghias,mayasin,mayasin,NULL
menghitung,metek_itung,wilang,wilang
menghormati,ormatin_junjung,ngutamayang,misinggihan
mengirim,papetang_mapetang,titipang_nitipang,titipang
mengulangi,jumunin,wawanin,wawanin
mengumpulkan,munduhang_ngumpulang,munduhang,munduhang
mengundang,ngundang_tekaang,ngundangin_ngerauhang,ngerauhang
mengunjungi_mampir,singgah_delokin,simpang,aksinin_simpang
menimbang,nimbang_nacin,NULL,NULL
meninggalkan,kalahin_tinggalin_magedi_makaad,makaon_magingsir,kaonin_magingsir
menipu_membohongi,melogmelogapus,ngulukuluk,miseka
menit,menit,menit,menit
menjawab,mesahur_ngewales,mesahur_ngewales,cawis
menjual,adepngadep,adol_ngadol,adol_ngadol
mentah,matah,matah,matah
mentega,mentega,mentega,mentega
menulis,tulis_ungguhang,surat,serat
menunggu,antiang_antosang,antosang,jantosang
menunjukkan,edengang,mekantenang,nyinahang
menutup,nekepin_rurubin,rurub,rurub
menyeberang,liwat,ngalintang,ngalintang
menyertai_sertai_serta,barengin_ngajak,sarengin,ngiring
menyimpan,sepel,simpen,simpen
menyisir,masuah,nyisir,masuri
merah,barak,abang_bang,abang_bang
merasa,merasa_ngerasa,ngrasa,rumasa
merasakan,rasain_cicipin,kedapin,kecapin
merokok,ngeroko_maroko,melanjaran,malanjaran
merpati,dara,paksidara,paksidara
meskipun,yadiapin_yadiastu_nadiyan,yadian_nadian,yadian_nadian
milikmu_punyamu,gelah_caine,duenragane,deruenratune
mimpi,ngipi,nyumpena,numpena
mimpi,ipi,supena,NULL
minggu,ukuminggu,saptawara_minggu,wuku_minggu
minta,ngidih_ngulungsur,nunas,ngarsayang
minta,idih,tunas_nunas,lungsur_ngalungsur
minta_mohon,idih,lungsur_nunas,ngarsayang
minum,inem,inem_ajengang,nginem
minuman,ineman,ajengan_kinum,ngewedang_kinum
minyak_bensin,lengis,minyak,minyak
miskin,lacur_tiwasnista,lara_tiwas,miskin
mobil,motor_montor,NULL,NULL
modern,cara jani,cara mangkin,turah mangkin
muatan,muatan,babuatan,babuatan
muda,nguda_bajang_muda,anom_jejaka,anom_jejaka
mudah_gampang,aluh,dangangampang,dangan
muka,mua_rahi,prarahi,prarahi
muka_halaman,kaca,kaca,kaca
mulai,nyumunin_nyumu,ngawitin_ngawit,ngawitin
mulai,nyumu,ngawitan,wiwit
mulut,bungut,cangkem,lambe_cangkem
mungkin,mirib,minab,menawi
mungkir,boyanin_matidong,dudon,dudon_maboya
muntah,ngutah,merangsul,NULL
murah,mudah_sedeng_pantas,murah,patuh_sedeng
murahhati_dermawan,bares,dana,dana
murni,sukla_suci,nirmala,nirmala
musim,masa_masan,masa,masa
musimdingin,masandingin,masadingin,masadingin
musimhujan,masanujan,masansabeh,masansabeh
musimkemarau,masanendang,masangalang,masangalang
musimkemarau_musimpanas,masanendang,masaletuh,masaletuh
musuh,meseh,sastrumeseh,meseh
naik,tegakin,linggihin,ngelinggihin
naiki,tegakin,linggihin,linggihin
nakal,kual,nakal,nakal
nama,adan,pesengan_wasta,parab
napas,bayu,bayu,bayu
nasehat,tutur,pitutur,piteket
negeri_negara_distrik,negara_negari,jagatnegara,jagatnegara
neneklaki_kakek,pekak_kak,kaki_kakiang,kakiang
neraca_timbangan,dacin_penimbangan,NULL,NULL
nol,nulwindu,windu,windu
nomor,nomer_angka,nomer,nomer
nyamuk,legu,legu,legu
nyanyi,magending_ngendingang,makidung,makidung
nyaring_keras,jangih,jangih,jangih
obat,ubad,tamba,tamba
obor,suluh,damar,sundih
oleh,baan_teken,antuk_olih,olih_dening
oleh_oleh,gagapan,larapan,larapan
ombak_gelombang,umbak_ombak,umbak,umbak
omongkosong,bogbog_mauk,bobog,bobog
ongkos_harga_biaya,beya,aji,pangarga
orangasing,endonan_ajawi,orangjawi,wongnusantara
orangbali,abali,orangbali,wongbali
orangdewasa,anakkelih,menekduwur,duur
oranglaki_laki_pria,anakmuani,anaklanang,jadmalanang
orangtua,rarama_memebapa,rerama,biangaji
otak,utek_polo,utek,utek
pada,di_sig,ring,ring
padi_beras_nasi,padi_baas_nasi,pantu_beras_ajengan,pantu_beras_rayunan
pagar,pagehan,panyengker,pager
pagi,semengan,semeng,semeng_enjing
pagipagi,semengan_ruputpesan,semeng,semeng
paha,paha,pupu,pupu
pakai,anggo,angge,angge
pakaian,penganggo,pengangge,pengangge
paksa,maksa_keju_ngrejeg,maksa,piserang
paku,pacek_paku,pacek,pacek
palsu_takbenar,palsu_singbenehapus,tansujati,dudu_iwangsalit
palu,palu_panggul,palu,palu
paman,ua_maman,NULL,NULL
panas,anget_kebus,panes,panes
panas_hangat,kebus_anget,anget,panes
pandai,duweg_ririh,wikan_widaksa,pradnyan_wicaksana
pandang,teletekang,ngawaspada,ngaspada
pandang_lihat,tingalin_iwasin,tingalin,cingakin
panen,manyi,ngampung,ngampung
panggil,jeritin_kaukin,aturin,madikain
panjang,lantang_dawa,panjang,panjang
pantai,pesisi_sisi,pesisi,pesisir
parit_kali_terusan,jelinjing_jelinjingan,telabah,NULL
paruparu,paparu,paparu,paparu
pasang,enyitin,enyitin,enyitin
pasang_sepasang,pasang_akitang,akitang,perangkat
pasar,peken,pasar,pasar
pasir,bias,bias,bias
pasti,pedas_karuan_seken_pasti,janten,mejanten
patung,togog_bedogol,arca,arca
payung,pajeng,tedung,tedung
pecahkan,belahang_elungang,mecah_usakpecahang,rusakang
pekik,gelur,gelur,gelur
pelabuhan,pelabuhan,labuhan_pabean,pabean
pelajaran,papelajahan,papelajahan,papelajahan
pelihara,piara_ubuh_pretain,emban_abih_tatingin,aksinin
pelukis,tukangnggambarsangging,tukanggambar,tukanggambar
pematang,pundukan,paundukan,paundukan
pembakaran,pengabenan,pelepon,melebu
pemberian,pabaang,pawehweh_aturan,paica
peminta minta_pengemis,idih idih,gegendong,NULL
pemuda,teruna,anom,anom_jajaka
pemudi,teruni,anom,anom
pena_bolpoin,pen,pen,pen_penulisan
pencuri,maling_pemaling,dusta,dusta
pendek,bontok_bawakringkes,cendek,cendek
pengarang,pengawi,pengawi,pengawi
pengemudi_sopir,supir,supir,supir
pengganti,silurgethi,panyilurgentos,pagentosgentos
peniti,peniti_engsel,peniti_engsel,peniti
penjara,bui_pangkeng,pangkeng,pangkeng
penjara,bui_pangkeng,bui,bui_buwi
penting,buat_mabuat,perlu,mabuat
penuh,bek,ebek,ebeksupenuh
penyakit,pengering_sakit,pangering,pinakit
perak,selaka,selaka,selaka
perang,siat,yuda_perang,perang_yuda
perangko,perangko,perangko,perangko
perasaan,rasa,rasa,rasa
perbaiki,pasuhangbenehin,benehin,becikang
percakapan,paomongan_perembugan,raraosanwicara,babaosanwicara
percaya,ngugoninsengguh,ngega,ngeganin
perempuan_wanita_cewek,anakluh_eluh,anakistri,anakistri
pergelangan,pagelangan,NULL,NULL
pergi,luas,lunga,lunga
pergi_berangkat,makaad_magedi,lunga,langakesah
pergiketimur,nganginang,nganginang,ngetan
perigi_sumur,semer,NULL,NULL
perintah,pituduh_titah,pangandika,pituduh
perintahkan,perintahang,titahang,titahang
periuk,payuk,NULL,NULL
perkara_persoalan,perkara_kanda,wikara,wikara
perkawinan,pengantenan,pangantenan,pabuncingan
perlahanlahan,adengadeng,alonalon,alonalon
perlu,mabuat_perlu,perlu,perlu
perlu,perlu,mabuat,mabuat
permainan,plalian_canda_candaan,mainan_pacandaan,pacandaan
permintaan,pengidihan,pinunasan,pinunas_pangelungsur
permisi,kalahin,pamitin_mapamit,ngelungsurmapamit
permulaan,pejumu_kemulan,pengawit,panembe_awit
pernah,taen,naenin,naenin
persatukan,besikang_tunggalang,sikiang,tunggilang
persediaan_bekal,sasepelan_persediaan_bekel,bekel,sangu
persegi,merepat,merepat,merepat
persembahan_sajen,aturan_banten_segehan,aturan,aturansagi
persembahkan,aturang,aturang,aturang
persetujuan,semaya,sengketa,sengketa
pertamakali,tumben,nembe,nembe
pertimbangan,petimbanganpatinang,tatimbangan,wicara
pertolongan_bantuan,pitulungan,pitulungan,pitulungan
perut,basang,waduk,weteng
pesiar,melali,melancaran,melancaran
peti_kotak_boks_dus,petigrobag,kotak,peti
petik,alap,alap,alap
petik,alap_metik,alap,alap
pikiran,keneh,manah,pekayunan
pikiran_pendapat,keneh,manah,kayun
pikul,tegen_negen,pikul_nikul,sandang
pikulan,sanan,sanan,sanan
pindah_bergerak,makisid,gingsir,magingsir
pinjam,silih_nyilih,nyelang,selang
pinjamkan,silihang,selanggang,paselangan
pintar,duweg_ririh,ririh_wikan,pradnyan
pintu,jelanan_kuri,pemedal,lawangan
piring,piring,pinggan,pinggan
piringmangkok,piring,piring,pingga
pisang,biyu,pisang,pisang
pisau,tiuk_tiyuk,tiuk,lemat
pokok,unduk_tepengan,indik,pariindik
potonggigi,mesangih_metatah,mapandes,mapandes
pucat,coong_kembang,kembang,acum
puji_utamakan,puji,sumbung,utamayang
pulang,mulih,budal,mantuk
pulang,mulih,budal,mantuk
pulau,pulo_nusa,nusa_pulu,pulo
punya_memiliki,ngelah,derbe_maderbe,drue_madruwe
pusat,pungsed,puser,udel
pusing_mabuk,lengah_pengeng,kelenger,kalenger
putar,piteh_linder,piteh,piteh
putih,putih,petak,petak
raba_menyentuh,ususd_ngabag,usud,usud
racun,cetik,cetik,cetik
rahang,cadikjagut,cadik,lalentek
rahasia,nyilib_sasiliban,singid,sasiliban_singid
rajin,jemet,anteng,anteng
rajin,jemet,anteng_urati,anteng
rajin,jemet,anteng,anteng
rambut,bok,rambut,rambut
rampok_rampas,begal_rampok_rampas_jarah,rampok,rampok
rantai,ante,ante,ante
rapat_berapat,sangkep,mapaum_paum,mapaum
rata_datar,asah_dangsah_lempeh_pedel,rata,rata
rebus_merebus,lablabmnglablab,engseblablab,engseblablab
rendah,endep_eed,andap,andap
rendahhati,naros_andapasor,andapasor,naros
rezeki,pangupajiwa,pangupajiwa,pangupajiwa
ribut_gaduh,uyut,uyut,gumuruh
ringan,ingan_angan,dangan,dangan
rintangan_alangan,tawengtaweng_alang,alang,alang_pialangan
roda,roda,roda,roda
roti,roti,ruti,ruti
rugi_kerugian,pocol_papocolan,pocol,rugi
rumah,umah_bale,jeroan_puri,geria_puri
rumah tangga,pakurenan,panyaman_pasemetonan,keluarga
rumput,lalang_padang,lalang_padang,ambengan_suket
rupa,goba_rupajeneng,rupa_jeneng,warnarupa
rupa_bentuk,goba,rupa,warna
rupanya,mirip_jenenga,minab_menawi,menawi
rupanya_nampaknya_ruparupanya,jenenga_mirib,minab,menawi
rusak_puing,usak_uwung,rusak,rusak
sabun,sabun,NULL,NULL
saja,dogen_tuah_tuwah,kewanten,wantah
sakit,gelem_sakit,sungkan,gerah_sungkan
sakit kepala_pusing,pengeng_puruh_poyok,nyakitang duur,nyakitang prabu
sakit_pedih_perih,sakit_ngangah,perih,perih
sakitperut,sakitbasang,sungkanwaduk,sungkanwaduk
saksi,saksi,saksi,saksi
saksikan_menyaksikan,nyaksiang,NULL,NULL
salah,pelih,iwang,iwang
samadengan,patuhteken,patehring,patehring
sambung ayam_adu ayam,tetajen,kelecen,kelecen
sampai_tiba,teked_kanti,rauh_jantos,tiba
sanak saudara,nyamabraya,pasemetonan,NULL
sangka,kaden,sengguh,sengguh
sangka_kira_terka,kaden_tebak,minabang tiang,tarka
saos_kuah,kuah,NULL,NULL
sapi,sampi,banteng,banteng
sapi jantan,sampi muani,banteng lanang_jagir,jagir
sapu,sampat,sampat,sampat
sapu_menyapu,nyampatin,nyapuin,NULL
sarang,sebun,sebun,sebun
saringan,saringin,saringin,saringin
satu,besik,siki_adiri,asiki_adiri
saudagar_pedagang_penjual,dagang,pangadol,pangadol
saudara saudari,nyama,sameton,sameton
sawah,uma_carik,carik,NULL
saya_aku,tiang,tiang,titiang
sayap,kampid,kampid,sayap
sayursayuran,jukutjukutan_lakarjukut,janganjanganan,janganjanganan
sebab,krana_awinan,awinan,makawinan
sebab_alasan,awanan_keranane,lantaran,awinan
sebab_karena,sawireh_kerana,seantukan,riantukan_duaning
sebelum,satonden,sedurung,sadereng
sebentar,endenmalu,mangkindumun,mangkindumun_jantosajebos
sebentar_sesaat_sewaktu,akejep_ajahan,ajebos,ajebos_abosbos
sebut,sambatang,ucapang_kandikayang,dartayang
sedang,nuju_sedekan,rikalanaing,rikalaning
sedap,jaen,jaen,becik
sediakan,sediang,tragiaang,NULL
sedih,sedih_duhkita,sungsut,sungsutkayun
sedikit,abedik_agigis_abedik_abidik,akidik,akidik_kidik
seekor,ukudanimals,aukud,aukud
seekor,aukud,asiki,asiki
segenggam,agemel_akepel,akepel,akepel
seharihari_tiaphari,ngawai_sadina_dina,serahina_rahina,nyaberan_rahina
sehat,seger,seger,kenak
sehat,seger,rahayu,kenak
sehingga,kanti,jantos,jantos
sehingga,nganti_ngantos,jantos,jantos
sejak,sesukat_duk_uli,daweg_rikala,sakingdaweg_rikala
sejuk,tis,dayuh,dayuh
sejuk,tis_dayuh,dayuh,teduh
sekali,acepok,apisan,apisan
sekali,pidan_gati,pisan,pisan
sekalian_semuanya,makejang,samipada,sinarengan
sekalilagi,buinacepok,malihapisan,malihapisan
sekarang,jani_nejani,mangkin_jani,pramangkin
sekolah,sekolahan,NULL,NULL
selalu,setata_tetep,tansah_setuuk_sekayang,tansah_tanmari
selamat_sehatwalafiat,rahayu_bagia,rahayu,sadiya
selamatkan,rahayuang,rahajengan,NULL
selatan,kelod,kelod,elor
selatan,kelod,kelod,kidul
selesai_akhir_penghabisan,pragat,puput,puput
selesai_habis,pragatsuud,telas_puput,puput_telas
selesaikan_menyelesaikan,peragatang,puputang,puputang
selesma_pilek_influenza,paad_mapahad,paad,paad
selimut,saput,kampuh,kampuh
sembahyang_berdoa,maturan,maturan,maturan
sembuhkembali_sehat,seger,seger_rahayu,kenak
sembunyi,mengkeb,singid,nyangklib
sembunyikan,ngilidang,ngilidang,ngilidang
sempit,cupit_cupek,rupet,cupek
semua,onyangan_makejangpada,samian_makasami_sekancan,sami
semut,semut,semut,semut
senang,kendel_girang,ledangsuka,renakenak_gargita
senang,demen,seneng,ledang
senapan_bedil,bedil,bedil,bedil
sendiri,padidi,ngeraga,newek
sendirian,pedidian_newek,ngeraga,pereragan
sendok,sendok_sinduk_conteng,sekot,sinduk_cekot
sengaja,nyelapang,nyelapang,nyelapang
sengsara,sengsara,sengsara,sengsara
senjata,senjata,senjata,senjata
seorang,diri,adiri/miri,adiri
sepanjang hari,selid sanja,sepanjang rahina,NULL
sepatu,sepatu,sepatu,paduka
sepeda,sepeda kayuh,NULL,NULL
seperempat,pahpat_apah empatan,epah empatan,epah empatan
seperti,buka,makadi_luire_sekadi,minakadi_kadisekadi
sepi,sepi,samun,sunia
sepupu,misan,misan,mingsiki
serat_kaku,seket_seret,seret,seret
sering,pepes_saisai_sesai,sering,sering_sabensaben
serupa,mirib buka_patuh teken,pateh kadi,pateh kadi
sesal,nyesel_kapok,nyesel,nyesel
seseorang,salah tunggal,sinalih tunggil,sinalih tunggil
sesuatu,apan apan,punapa punapi,NULL
setengah_separoh,atengah_kenjang_paro,asibak,apahkalih
setiap_tiap tiap,sebilang,senangken,senangken
setia_patuh,tindih_bela,satia_astiti,setia
setiap malam,sepeteng peteng,sawengi wengi,sawengi wengi
setuju,lega,ngewehin,ngicenin
sewa,sewaang,sewang,sewang
sewakan,sewaang,sewaang,sewaang
sia_sia,percuma_tanpa guna_kado,tanpa guna,nirdon
sianghari,lemah,NULL,NULL
siap_sedia,sedia_tragia,tragia,tragia
siapa,nyen,sapasira,sapasira
sibuk,epot_ewo_rewed,repot_repet,repot
silahkan duduk,lautang negak,rarisang malinggih,raris malinggih
simpan_pegang_menyimpan,simpen_sepelang_sepel_nyeplang,simpen,simpen
sisi_tepi_sebelah,sisi_sisih,samping,samping
sisik,sisik_siksik,NULL,NULL
sisir,suah_suwah,sisir,suri
sobek_mengoyak,uek_menguek,nguek,nguek
sombong_bangga,gedekeneh,angkuh_sombong,bangga
sop,sop_kuwah,kuah,kuah
sore,sanja,sande,sande
suami,kurenan_somahmuani_kurnan,rabi,swami
suara_bunyi,munyi,pangandika,suara
subur,mokoh,lemek,lemek
suci_kudus,suci_astiti_putusresi,resik,nirmala
sudah,sube_suba,sampun,wusan
sudi,nyak_suka,ledang_kayun,kayun
suka_senang,demen,ledang_suka,ledang_lila
sukar,ketil_bat,sukeh_abot,sungka_sengka_abot
sungai,tukad,tukad,tukad
sungguh,saja,wiakti_yakti_pituwi,sayuwakti_pituwi
sungguh,sajaan_yakti,sukati_tuhu,wiakti
sungguhsungguh,seleg_giet,itep,itep
suntik,suntik_nyuntik,suntik,suntik
suntikan,suntikan_panyuntikan,suntikan,suntikan
surat,surat,surat,surat_rerepi
suratkhabar_suratkabar_koran,koran,koran,koran
suruh_perintahkan,tunden_konkon,nikain,tuduhin
suruh_perintahkan,konkon,kenken,kandikain
susah_kesedihan,keweh,duhkita,sungsut
susah_kesukaran,inguh_ibuk,sebet,kewuh
susu,yehnyonyo,toyansusu,toyannuroja
susu_payudara,nyonyo,susu,susu
susunan,susunan_tata cara,pidabdab,NULL
sutra,sutra,sutera,sutera
syair,kidung,tembang,tembang
tahu,tau_nawang,uning_wikan,uning_uningapawikan_weruh
tahun,tiban,tahun,tiban_warsa
tajam,mangan,landep,landep
tak peduli_sembrono_ceroboh,lengah_ngelewa_ampahpapeka,lamena,tanlunga
takpernah,singtaen,tannaenin,tannahenin
taksir_menaksir,taksir_taken,tebak,tarka
taksiran_tebakan,watara,NULL,NULL
taktahan,singkodagbaan,tanmaresidayang,tandugiantuk
takterhitung_banyak_berlimpah_ruah,liupesan,akehpisan,makweh_katahpisan
takut,jejeh_takut_tangkejut,ajerih,ajerih_tanwenten_purun
takut,jejeh,ajerih,ajerih
tambah,imbuhin,wewehin,weweh
tambahan,pangimbuha,pimbuh,paimbuh
tamu_pengunjung,tamilu,datengan,tamiu
tanam,pula_tanem,tandur,tandur_nandur
tanda,ciri,cihna_tanda,cihna
tandamata,gapgapan_temontemon,temontemon_pangeling,pekelingan
tangan,lima,tangan_lima,tangan
tangga_anaktangga,jan_ejan,ejanpalitan,ejan_palitan
tanggal,tanggalpanglong,tanggal,tanggal
tangkap,ejuk,ejuk,ejuk
tanpa_dengantidak,tanpa_sing nganggo,NULL,NULL
tanya,metakon_takon,mentaken_taken,takenring
tarian,igeligelan,igel_igelan,ilenilen
tarik_menarik,paid_atek,kedeng,nudut
taruh_letakkan,kejang,genahang,linggihang
taruh_meletakkan,kejang_ngejang,linggihang,genahang
taufan_anginribut,anginselaung_anginbaret,anginderas,angindras
tebal,tebel,tebel,tebel
tebu,tebu,tebu,isepan
telanjang,melalung,melalung_ngaligas,uda_matelanjang
telinga,kuping,karna_kuping,karna
telur,taluh,endogantiga,endog
tembok,tembok,tembok,tembok
tempat,wadah,genah,genah
tempat,tongos,linggih,genah
tempatair_gentong,gentong,NULL,NULL
tempatduduk_kursi,tongosnegak_panegakan,genahlinggih,pelinggihan_linggih
tempattidur,pedeman_pamulesan,pesarean,pemereman
temukan_menemukan,dapetang_tepuk_bakat_kacunduk,panggihin_keniang_kacunduk,temu_panggih_kacunduk
tentang,unduk_yanbuat,indik,parindik_mungguing
tentang,unduk_yan_buatkapo,indik,parindik
tenun,tunun_nunun,tunun,tunun
tepat_persis,persis_ngatuju,katuju,tepet
terang,terang_galang_jelas,sinah_seken,sinah
terbaik_palingbaik,palingmelah,pinihbecik,pinihbecik
terbang,makeber_kebet,mabur,mabur
teriak,jerit,jerit,jerit
teriak_menjerit,kaukkauh_jeritjerit_nyeritin,jeritjerit_nikain,jeritjerit_nikain
terimakasih,matursuksma,matursuksme,matursuksme
terkejut,tangkejut,tangkejut,kagiat
terlalu,bes_gati,banget,kalintang
tersenyum,kenyir,kenyir,kening_kenyir
tertawanguyu,kedek,ica,ica
terutama,pinihbuata,kapertama,luwih_luwih
tetapi_melainkan,nanging_sakewanten,kewanten,sakewanten
tiba,teka_teked,napak_dateng,rauh_rawuh
tiba_tiba,jeg_ujug_ujug,premangkin_tandumade,kancit
tibanya_kedatangan,tekane,napak_dateng,rauhe
tidak,tusing_tuara,tan,nenten_tanwenten
tidur,pules,sirep,makolem
tikar,tikeh,tikeh,pelasa
tikus,bikul,bikul,bikul
tikus,bikul,bikul,bikul
timur,kangin,kangin,wetan
tinggal_bertempattinggal,ngoyong_nongosmadunung,magenah,malinggih
tinggal_diam,enungoyong,karijenektetep,kantun_jenek
tinggi,ganggastegeh,duurlonjor,duwurlonjor
tinggi,tegeh,duur,duur_duhur
tingkatan,undag,undang,pangked
tirai_tabir_korden,langse,sanur,NULL
tiruan_tiru,tulad_nulad,tulad,nilad_tulad
toko_warung_kedai_kios,toko,warung,toko
tolong_bantu,tulungin_uopin,tulungin,tulungin
topi,capil_topong,kekereb,kekerebketu
tua,odahwajah,lingsir,lingsir
tubuh,awak,dewek_raga,raga_angga
TuhanAllah,IdaSanghangWidiWasabatara,IdaSanghiangWidiWasa,IdaSanghiangperamakawi
tukangjahit_penjahit,tukangjahit,tukangjahit,tukangjahit
tukar,siruin,gentosin,gentosin
tulang,tulang,galih,galih
tuli_pekak_budeg_budek,bongol,bongol,nentenmireng
tumbuhan_tanaman,entik_entikan_pemulan,tatanduran,tetanduran
tumit,ganyot,ganyot,ganyot
tumpul,puntulgedul,puntul,puntul
tupai_bajingan,semal,semal,semal
turun,tuun,tedun,tedun_turun
turut_perintah_mematuhi,anutin_ngikut_tuut_nututin,inutin_ngetu_nganutin,tinut_tutut_ngiring
tutup,ubetang_inebang,inebang,inebang
tutup,inebang,ubetang,ubetang
tutupan,tekep,tekep,tekep
uang,pipis_pis,jinah,jinah
ubah_menukar,silur_salin,urur,urur
uban,uban,uban,uban
udara_langit,langit,ambaralangit,akasalangit
ukir,ukir,ukir,ukir
ukuran_besarnya,gedene,agengipun,ageng
ukuran_pengukur,ukur_sepat_sikut,sikut,sukat
ular,lelipi,ula_naga,ula_naga
umpamanya,ande_sandenya,seumpamanya,umpama
untuk_bagi,buatteken,buatring,kangge_pabuat
untung,keagetan,keagetan,keagetan
untung_laba,aget_bati,bukti,bukti
urus,urus_kencanin,karyanin,karyanin
usia_umur,tuwuh,yusa,yusa
usus,usus_basang basang,basang basang,NULL
utamakan_pentingkan,buatang,saratang,buatang
utara,kaja,kaler,kidul
utara,kaja,kaler,lor
waktu,kala,tempo,kala
waktu_ketikaselama,dugas,duk,daweg
waktu malam,nuju peteng,nuju wengi,rikala wengi
walapun,yadiapin,yadiastu,yadiastu
warna,warna_goba,warna_rupa,warni
waspada_awas_hati hati,tangar,yatna,yatna
ya,ya_nggih_saja,inggih_patut,patut
yang,ane,sane,sane
Yang mana,Ane encen,Sane encen,Sane encen
Yang pertama,Ane paling malu,Sane pinih riin,Sane pinih riin_sane ping arep